id	status	qkey	statement	value	unit	as_of	superseded_by	source_id	calc_id	rule_refs	xrefs	first_seen	audit_ref	notes
CLM-0001	FACT—VERIFIED	canon_hemisphere2_max_points	Hemisphere 2 (Quantitative Forensics) maximum = 60 points	60	points	2026-08-29 (snapshot)		SRC-0003	CALC-0001		framework.html; ch-64:39; ch-83:40 ('60 points in total'); ch-84:21; ch-85:27; ch-86:21; CON-0001 (ch-91/92/93 print 'out of 40')	framework.html (fetched 2026-08-29)		Identity guarded by CALC-0001/CALC-0002. Audit's '15/40' finding is a VALUE collision against this row (CON-0001).
CLM-0002	FACT—VERIFIED	canon_hemisphere1_max_points	Hemisphere 1 (Qualitative Defence) maximum = 40 points	40	points	2026-08-29 (snapshot)		SRC-0003	CALC-0001		framework.html rubric block; ch-64 Lesson 64.1 (15+10+15)	framework.html (fetched 2026-08-29)		Identity guarded by CALC-0001.
CLM-0003	FACT—VERIFIED	canon_weight_vector_v1	Canon Score v1.0 weight vector as stated in the book: 20/15/10/15/15/15/10 (FS/Gov/Liq/Val/Sector/Growth/Div)	20/15/10/15/15/15/10	weights (sum 100)	2026-08-29 (snapshot)		SRC-0003	CALC-0002		framework.html; ch-64 Lesson 64.1 table; research/ index ('100-point rubric across seven dimensions')	framework.html (fetched 2026-08-29)		Stated-fact row (L0). The validity of the weights is a separate hypothesis: CLM-0009 (NOT YET VALIDATED). Two-row pattern per 01 §3.
CLM-0004	FACT—VERIFIED	canon_band_45_59_action	Ch. 66 Lesson 66.1: scores 45-59 = watch list only; commit no fresh capital	no_fresh_capital	action	2026-08-29 (snapshot)		SRC-0004		RUL-0001	ch-66 Lesson 66.1 (exact quote: corpus/evidence/ch-66-excerpt.md)	ch-66 (fetched 2026-08-29)		Verified side of CON-0002. Printed rule tag to be added in 13.x: [RUL-0001, T4].
CLM-0005	UNREVIEWED	canon_band_45_59_action	Ch.64 band table: scores 55-69 are 'Adequate - investable, but size the position carefully and watch the weak dimensions' (covers 56-59)	investable	action			SRC-0001		RUL-0002	CON-0002; CLM-0004 (ch-66 counter-rule); CLM-0013 (full band table); ch-87:122 (68 cited as 'Adequate band'); ch-88:91 (41 cited as 'Weak/Avoid band')	ch-64:139 (2026-08-29 snapshot)	AUD-02	Verified as a ch-64 statement. Truth as authoritative rule suspended pending CON-0002 / T3 ruling (ch-66 says 45-59 = no fresh capital).
CLM-0006	FACT—VERIFIED	canon_score_nabil	Nabil Bank Ltd. Canon Score = 71/100, band 'Strong' (research page)	71	/100	2026-08-29 (snapshot; analysis date pending from nabil-bank page)		SRC-0005			research/ index table	research/ (fetched 2026-08-29)		Dimension sub-scores to be fetched (nabil-bank page) then CALC-verified (sum must equal 71).
CLM-0007	FACT—VINTAGE-SENSITIVE	canon_score_chilime	Chilime Hydropower Canon Score = 62/100, band 'Adequate' (analysis completed 2026-08-25; pre-flood)	62	/100	2026-08-25		SRC-0005			research/ index (dagger note)	research/ (fetched 2026-08-29)		Supersession pending: Bhotekoshi flood 2026-08-26 damaged the plant; 'has not yet been rescored' (CON-0004; VTG-0001).
CLM-0008	UNREVIEWED	nrb_bank_roe_q3_fy2425	Nepal commercial banks system-wide ROE approx 7.73% (9 months to Q3 FY2024/25); strongest approx 15.8%, weakest under 1% (Ch. 64 CASE IN POINT)	7.73	%	9 months to Q3 FY2024/25 (book-stated)		SRC-0002			ch-64 Lesson 64.2 sub-component A, CASE IN POINT	ch-64 (fetched 2026-08-29)		Book-stated market fact, externally unverified. Triage path: FACT—VINTAGE-SENSITIVE once confirmed against NRB (SRC-0006; B3). Companion claim (13% Q3 FY2022/23 -> under 8% Q3 FY2024/25) registered on NRB confirmation.
CLM-0009	NOT YET VALIDATED	canon_weight_vector_validity	The v1.0 weighting scheme is an empirically established optimum	not_yet_established	epistemic status			SRC-0001			corpus: ch-63/64 (status disclosure to be added in 13.x)		AUD-04	Audit's core F2 finding: weights selected narratively; calibration failed. Non-inference principle (07 §1): a failed calibration proves neither operator error nor weight error. Canon v1.0 chartered as hypothesis; EXH-003 defines what validation would mean.
CLM-0010	NOT YET VALIDATED	credit_to_nepse_lead_lag	Credit growth allows the investor to read NEPSE 6-18 months ahead (per audit; exact phrasings in ch-0.1/0.2 pending)	6-18	months lead			SRC-0001			CON-0003; EXH-001; ch-0-1:44 ('causal, not merely correlated'); ch-0-1:47 ('consistently predictive of NEPSE direction 3-12 months forward'); ch-0-1:87-91 (policy-event lag table); ch-0-1:119 (2021 correction example: 3-6 months warning)	ch-0-1:23 (2026-08-29 snapshot)	AUD-03	Exact wording now pinned (audit paraphrase '6-18 months' = ch-0-1:23 'six to eighteen months in advance'). Asserted as established fact in present tense; no test in corpus. EXH-001 spec ready.
CLM-0011	UNREVIEWED	canon_band_vocabulary	Two ungoverned band systems over one score: ch-66 screening tiers (<45 / 45-59 / 60-64 / 65+) vs research-page labels ('Strong' at 71, 'Adequate' at 62)		unified band table			SRC-0004			ch-66 Lesson 66.1; research/ index table	research/ + ch-66 (observed 2026-08-29)		F1 live instance (CON-0005), discovered this session. Canonical band table to be owned by ch-64/framework; research pages cite it; one vocabulary.
CLM-0012	FACT—VERIFIED	canon_score_max	Canon Score ceiling = exactly 100 points (seven dimensions added, never averaged)	100	points	2026-08-29 (snapshot)		SRC-0003	CALC-0001		framework.html ('the ceiling is always exactly 100'); ch-64 Lesson 64.1 Total row	framework.html (fetched 2026-08-29)		Guarded by CALC-0001 (40+60) and CALC-0002 (dimension sum).
CLM-0013	FACT—VERIFIED	canon_band_55_69	Ch.64 band table: 55-69 = 'Adequate - investable, but size the position carefully'; 70-84 = Strong; 85-100 = Exceptional; below 55 = Weak/Avoid	adequate_investable		2026-08-29		SRC-0002			CON-0002; CON-0005; RUL-0003; research-nabil (71=Strong); research-chilime (62=Adequate)	ch-64:136-140 (2026-08-29 snapshot)		ch-64's canonical band system. Case studies and both research pages use THESE bands/cutpoints; ch-66 uses a different cutpoint scheme (45/60/65).
CLM-0014	UNREVIEWED	canon_hemisphere2_max_points	Ch.91 prints the Hemisphere 2 denominator as 40: 'Hemisphere 2 comes to 5 + 4 + 5 + 1 = 15 out of 40' (line 70)	40		2026-08-29		SRC-0009			CON-0001; CLM-0001 (canonical 60); CALC-0004	ch-91:70 (2026-08-29 snapshot)		Class A error (denominator only; the sum 5+4+5+1=15 is arithmetically correct). Fix: 'out of 60'. This is the audit's '15/40'.
CLM-0015	UNREVIEWED	canon_hemisphere2_max_points	Ch.92 prints the Hemisphere 2 denominator as 40: 'Hemisphere 2 comes to 4 + 2 + 8 + 6 = 20 out of 40' (line 82)	40		2026-08-29		SRC-0010			CON-0001; CLM-0001 (canonical 60); CALC-0005	ch-92:82 (2026-08-29 snapshot)		Class A error. Fix: 'out of 60'.
CLM-0016	UNREVIEWED	canon_hemisphere2_max_points	Ch.93 prints the Hemisphere 2 denominator as 40: 'Hemisphere 2 comes to 13 + 3 + 6 + 7 = 29 out of 40' (line 82)	40		2026-08-29		SRC-0011			CON-0001; CLM-0001 (canonical 60); CALC-0006	ch-93:82 (2026-08-29 snapshot)		Class A error. Fix: 'out of 60'.
CLM-0017	FACT—VERIFIED	ch91_hemisphere2_sum	Ch.91's Hemisphere 2 dimension scores sum to 15 ('5 + 4 + 5 + 1', line 70)	15		2026-08-29		SRC-0009			CALC-0004; CON-0001 (the denominator error 'out of 40' is a separate defect, CLM-0014)	ch-91:70 (2026-08-29 snapshot)		Arithmetically verified sum; pairs with the denominator defect on the same line.
CLM-0018	FACT—VERIFIED	ch92_hemisphere2_sum	Ch.92's Hemisphere 2 dimension scores sum to 20 ('4 + 2 + 8 + 6', line 82)	20		2026-08-29		SRC-0010			CALC-0005; CON-0001 (denominator error CLM-0015 is separate)	ch-92:82 (2026-08-29 snapshot)		Arithmetically verified sum; pairs with the denominator defect on the same line.
CLM-0019	FACT—VERIFIED	ch93_hemisphere2_sum	Ch.93's Hemisphere 2 dimension scores sum to 29 ('13 + 3 + 6 + 7', line 82)	29		2026-08-29		SRC-0011			CALC-0006; CON-0001 (denominator error CLM-0016 is separate)	ch-93:82 (2026-08-29 snapshot)		Arithmetically verified sum; pairs with the denominator defect on the same line.
